eventTime,eventName,userIdentity,sourceIPAddress,isIncident
2024-05-20T10:07:30Z,PutObject,userD,192.168.1.100,-0.612793454951921
2024-05-01T17:19:16Z,GetObject,userD,192.168.1.50,-0.612793454951921
2024-06-12T15:15:40Z,DeleteBucket,userH,192.168.1.70,-0.612793454951921
2024-07-03T17:41:33Z,RunInstances,userE,172.16.0.65,-0.612793454951921
2024-06-04T07:05:52Z,RunInstances,userF,10.0.0.40,-0.612793454951921
2024-04-18T00:05:02Z,GetObject,userA,172.16.0.35,-0.612793454951921
2024-03-30T19:10:04Z,GetObject,userE,172.16.0.45,-0.612793454951921
2024-06-08T01:59:16Z,TerminateInstances,userD,172.16.0.35,-0.612793454951921
2024-03-07T01:50:44Z,ListBuckets,userD,10.0.0.60,-0.612793454951921
2024-05-20T20:05:14Z,GetObject,userA,172.16.0.45,-0.612793454951921
2024-06-17T04:30:59Z,PutObject,userB,192.168.1.30,-0.612793454951921
2024-03-05T05:06:22Z,DescribeInstances,userH,192.168.1.60,-0.612793454951921
2024-06-27T05:22:57Z,DeleteBucket,userD,119.80.42.93,1.6318712152016355
2024-07-26T05:06:56Z,RunInstances,userD,10.0.0.40,-0.612793454951921
2024-05-06T20:48:31Z,ListBuckets,userG,81.87.6.207,1.6318712152016355
2024-02-08T21:29:12Z,TerminateInstances,userE,172.16.0.60,-0.612793454951921
2024-07-12T18:36:25Z,GetObject,userE,10.0.0.50,-0.612793454951921
2024-05-12T22:26:27Z,RunInstances,userB,10.0.0.70,-0.612793454951921
2024-07-12T01:36:21Z,ListBuckets,userC,172.16.0.35,-0.612793454951921
2024-03-23T12:54:27Z,TerminateInstances,userB,51.244.98.147,1.6318712152016355
2024-05-01T20:36:14Z,DeleteBucket,userA,63.214.83.82,1.6318712152016355
2024-05-11T16:44:01Z,DeleteBucket,userD,172.16.0.35,-0.612793454951921
2024-06-06T10:18:31Z,PutObject,userF,172.16.0.25,-0.612793454951921
2024-07-12T07:31:25Z,TerminateInstances,userD,192.168.1.100,-0.612793454951921
2024-04-14T18:16:49Z,RunInstances,userB,10.0.0.40,-0.612793454951921
2024-02-11T07:33:04Z,DeleteBucket,userF,192.168.1.50,-0.612793454951921
2024-01-31T21:55:35Z,TerminateInstances,userD,10.0.0.70,-0.612793454951921
2024-03-25T07:51:41Z,ListBuckets,userD,10.0.0.50,-0.612793454951921
2024-04-18T22:32:49Z,DescribeInstances,userG,192.168.1.90,-0.612793454951921
2024-03-06T04:59:50Z,CreateBucket,userE,192.168.1.80,-0.612793454951921
2024-05-27T08:21:49Z,ListBuckets,userF,192.168.1.30,-0.612793454951921
2024-04-25T14:16:33Z,PutObject,userC,10.0.0.40,-0.612793454951921
2024-03-04T19:38:52Z,TerminateInstances,userD,189.201.251.231,1.6318712152016355
2024-04-14T11:24:19Z,TerminateInstances,userA,172.16.0.30,-0.612793454951921
2024-01-27T19:34:38Z,CreateBucket,userB,50.110.66.61,1.6318712152016355
2024-05-13T21:00:07Z,DeleteBucket,userF,33.138.199.196,1.6318712152016355
2024-01-28T16:46:37Z,CreateBucket,userB,10.0.0.30,-0.612793454951921
2024-07-27T13:45:07Z,TerminateInstances,userF,10.0.0.60,-0.612793454951921
2024-06-14T14:50:20Z,PutObject,userA,172.16.0.25,-0.612793454951921
2024-05-07T04:34:15Z,PutObject,userH,192.168.1.40,-0.612793454951921
2024-01-30T10:47:56Z,ListBuckets,userC,172.16.0.40,-0.612793454951921
2024-03-18T18:20:33Z,TerminateInstances,userF,192.168.1.10,-0.612793454951921
2024-02-28T00:40:00Z,DescribeInstances,userC,114.83.198.214,1.6318712152016355
2024-04-14T04:26:59Z,CreateBucket,userE,104.159.98.245,1.6318712152016355
2024-03-22T19:13:30Z,DescribeInstances,userF,181.114.14.102,1.6318712152016355
2024-01-17T11:53:39Z,TerminateInstances,userD,10.0.0.60,-0.612793454951921
2024-01-20T12:43:26Z,RunInstances,userE,172.16.0.25,-0.612793454951921
2024-01-11T11:37:33Z,GetObject,userD,192.168.1.70,-0.612793454951921
2024-07-06T00:27:21Z,PutObject,userF,192.168.1.20,-0.612793454951921
2024-02-06T13:40:31Z,TerminateInstances,userD,204.174.21.50,1.6318712152016355
2024-02-13T09:34:56Z,GetObject,userH,172.16.0.20,-0.612793454951921
2024-04-22T22:11:26Z,DeleteBucket,userF,10.0.0.70,-0.612793454951921
2024-04-29T06:55:30Z,GetObject,userE,172.16.0.40,-0.612793454951921
2024-04-22T06:35:18Z,DeleteBucket,userE,192.168.1.60,-0.612793454951921
2024-05-05T02:29:27Z,DescribeInstances,userH,186.210.21.23,1.6318712152016355
2024-02-25T18:46:24Z,CreateBucket,userD,192.168.1.80,-0.612793454951921
2024-07-02T18:18:14Z,PutObject,userC,172.16.0.35,-0.612793454951921
2024-04-15T08:56:37Z,DeleteBucket,userF,125.31.50.61,1.6318712152016355
2024-02-08T12:23:33Z,TerminateInstances,userF,172.16.0.65,-0.612793454951921
2024-04-05T00:29:28Z,CreateBucket,userB,172.16.0.35,-0.612793454951921
2024-04-03T21:17:41Z,GetObject,userC,192.168.1.100,-0.612793454951921
2024-01-19T10:28:37Z,PutObject,userH,10.0.0.50,-0.612793454951921
2024-01-26T22:18:41Z,PutObject,userH,172.16.0.20,-0.612793454951921
2024-02-18T12:58:27Z,GetObject,userE,179.91.57.0,1.6318712152016355
2024-04-10T04:45:34Z,PutObject,userE,192.168.1.10,-0.612793454951921
2024-01-09T00:37:26Z,PutObject,userC,10.0.0.50,-0.612793454951921
2024-06-22T11:56:53Z,TerminateInstances,userE,192.168.1.10,-0.612793454951921
2024-05-29T14:20:10Z,GetObject,userE,172.16.0.55,-0.612793454951921
2024-06-05T20:02:13Z,CreateBucket,userE,192.168.1.70,-0.612793454951921
2024-06-27T02:32:10Z,DeleteBucket,userF,10.0.0.70,-0.612793454951921
2024-03-22T21:30:44Z,DeleteBucket,userF,192.168.1.10,-0.612793454951921
2024-04-27T00:16:33Z,TerminateInstances,userH,52.114.62.185,1.6318712152016355
2024-03-01T08:26:20Z,TerminateInstances,userH,192.168.1.90,-0.612793454951921
2024-04-18T18:04:59Z,GetObject,userC,172.16.0.25,-0.612793454951921
2024-02-29T18:04:19Z,CreateBucket,userB,172.16.0.45,-0.612793454951921
2024-06-27T20:56:03Z,DescribeInstances,userA,172.16.0.30,-0.612793454951921
2024-01-09T12:40:31Z,DescribeInstances,userB,10.0.0.30,-0.612793454951921
2024-01-11T01:52:48Z,TerminateInstances,userG,192.168.1.50,-0.612793454951921
2024-03-31T17:56:29Z,CreateBucket,userF,219.70.208.152,1.6318712152016355
2024-01-13T08:10:56Z,GetObject,userF,172.16.0.45,-0.612793454951921
2024-04-29T12:56:31Z,TerminateInstances,userF,10.0.0.50,-0.612793454951921
2024-01-04T19:50:09Z,CreateBucket,userF,43.177.25.245,1.6318712152016355
2024-05-23T01:57:01Z,TerminateInstances,userF,198.110.9.45,1.6318712152016355
2024-03-13T15:45:59Z,DescribeInstances,userA,10.0.0.60,-0.612793454951921
2024-06-27T03:43:49Z,DeleteBucket,userE,206.37.197.29,1.6318712152016355
2024-06-03T09:11:32Z,ListBuckets,userB,10.0.0.40,-0.612793454951921
2024-07-01T07:32:44Z,DeleteBucket,userC,192.168.1.70,-0.612793454951921
2024-01-29T08:50:25Z,DeleteBucket,userC,192.168.1.80,-0.612793454951921
2024-01-16T05:13:33Z,PutObject,userH,172.16.0.50,-0.612793454951921
2024-07-11T19:25:51Z,GetObject,userA,193.67.6.37,1.6318712152016355
2024-03-08T11:51:29Z,CreateBucket,userF,192.168.1.70,-0.612793454951921
2024-04-12T11:47:02Z,TerminateInstances,userD,10.0.0.30,-0.612793454951921
2024-06-28T18:02:13Z,TerminateInstances,userG,10.0.0.70,-0.612793454951921
2024-02-10T15:15:44Z,ListBuckets,userB,10.0.0.50,-0.612793454951921
2024-02-11T05:41:25Z,CreateBucket,userH,10.0.0.40,-0.612793454951921
2024-05-27T08:01:50Z,GetObject,userF,172.16.0.20,-0.612793454951921
2024-07-02T14:18:11Z,PutObject,userG,172.16.0.45,-0.612793454951921
2024-02-16T12:37:27Z,DeleteBucket,userH,192.168.1.50,-0.612793454951921
2024-07-23T16:43:31Z,PutObject,userG,192.168.1.60,-0.612793454951921
2024-05-27T12:25:50Z,CreateBucket,userA,206.81.9.61,1.6318712152016355
2024-07-23T17:01:03Z,CreateBucket,userE,172.16.0.60,-0.612793454951921
2024-02-09T02:55:27Z,PutObject,userD,172.16.0.65,-0.612793454951921
2024-02-11T05:19:15Z,CreateBucket,userG,10.0.0.40,-0.612793454951921
2024-06-25T19:50:01Z,TerminateInstances,userD,192.168.1.80,-0.612793454951921
2024-04-20T10:36:01Z,RunInstances,userG,192.168.1.20,-0.612793454951921
2024-05-09T22:26:40Z,PutObject,userC,62.18.105.218,1.6318712152016355
2024-05-06T22:39:48Z,TerminateInstances,userA,172.16.0.25,-0.612793454951921
2024-05-04T06:39:27Z,TerminateInstances,userC,192.168.1.90,-0.612793454951921
2024-06-28T21:30:50Z,ListBuckets,userF,10.0.0.30,-0.612793454951921
2024-05-18T19:44:29Z,CreateBucket,userH,10.0.0.70,-0.612793454951921
2024-02-08T20:03:14Z,TerminateInstances,userF,49.105.35.129,1.6318712152016355
2024-05-02T08:52:04Z,DescribeInstances,userD,172.16.0.45,-0.612793454951921
2024-07-04T01:28:42Z,GetObject,userE,192.168.1.70,-0.612793454951921
2024-07-27T01:55:38Z,PutObject,userF,10.0.0.70,-0.612793454951921
2024-04-09T07:41:52Z,CreateBucket,userE,10.0.0.50,-0.612793454951921
2024-07-15T07:15:07Z,PutObject,userA,10.0.0.40,-0.612793454951921
2024-06-29T20:30:52Z,PutObject,userC,192.168.1.30,-0.612793454951921
2024-07-22T13:03:29Z,GetObject,userH,10.0.0.50,-0.612793454951921
2024-07-05T18:29:30Z,DescribeInstances,userG,173.198.242.37,1.6318712152016355
2024-04-22T18:03:26Z,CreateBucket,userC,172.16.0.60,-0.612793454951921
2024-05-28T09:34:29Z,PutObject,userF,16.49.247.185,1.6318712152016355
2024-04-06T19:31:33Z,CreateBucket,userE,92.164.214.32,1.6318712152016355
2024-03-03T20:49:00Z,GetObject,userB,131.46.73.24,1.6318712152016355
2024-02-04T10:18:21Z,PutObject,userF,159.20.219.88,1.6318712152016355
2024-05-08T13:30:08Z,RunInstances,userA,172.16.0.60,-0.612793454951921
2024-06-16T00:35:03Z,PutObject,userA,172.16.0.35,-0.612793454951921
2024-05-31T13:42:52Z,PutObject,userF,197.89.139.148,1.6318712152016355
2024-05-15T10:32:52Z,ListBuckets,userB,172.16.0.35,-0.612793454951921
2024-06-13T06:05:04Z,ListBuckets,userE,192.168.1.20,-0.612793454951921
2024-02-10T01:30:13Z,DescribeInstances,userF,120.150.65.7,1.6318712152016355
2024-01-15T11:08:05Z,TerminateInstances,userD,173.126.95.175,1.6318712152016355
2024-07-20T03:17:26Z,PutObject,userH,115.41.116.16,1.6318712152016355
2024-07-05T21:30:00Z,PutObject,userB,172.16.0.30,-0.612793454951921
2024-01-20T08:41:32Z,ListBuckets,userB,192.168.1.50,-0.612793454951921
2024-07-16T20:07:32Z,DescribeInstances,userE,35.67.243.132,1.6318712152016355
2024-06-15T04:02:53Z,CreateBucket,userB,172.16.0.35,-0.612793454951921
2024-06-13T03:08:05Z,TerminateInstances,userD,192.168.1.40,-0.612793454951921
2024-01-11T02:03:17Z,DeleteBucket,userF,68.141.228.68,1.6318712152016355
2024-06-20T00:06:24Z,DescribeInstances,userF,172.16.0.35,-0.612793454951921
2024-07-14T11:42:30Z,DescribeInstances,userE,172.16.0.50,-0.612793454951921
2024-05-12T08:24:10Z,ListBuckets,userA,10.0.0.60,-0.612793454951921
2024-03-15T07:49:43Z,DeleteBucket,userF,172.16.0.45,-0.612793454951921
2024-05-09T20:19:35Z,PutObject,userC,10.0.0.40,-0.612793454951921
2024-02-27T13:11:46Z,GetObject,userH,172.16.0.65,-0.612793454951921
2024-05-18T17:32:45Z,RunInstances,userD,10.0.0.40,-0.612793454951921
2024-03-25T07:34:17Z,PutObject,userC,185.43.112.175,1.6318712152016355
2024-02-28T15:54:24Z,PutObject,userB,172.16.0.20,-0.612793454951921
2024-02-20T14:07:09Z,DescribeInstances,userD,141.101.28.85,1.6318712152016355
2024-03-04T17:05:59Z,GetObject,userF,192.168.1.30,-0.612793454951921
2024-02-03T06:20:42Z,CreateBucket,userF,172.16.0.20,-0.612793454951921
2024-02-23T02:22:26Z,TerminateInstances,userG,10.0.0.30,-0.612793454951921
2024-06-13T20:29:21Z,CreateBucket,userB,172.16.0.55,-0.612793454951921
2024-03-21T06:15:12Z,GetObject,userC,192.168.1.100,-0.612793454951921
2024-01-30T04:46:47Z,TerminateInstances,userA,172.16.0.60,-0.612793454951921
2024-02-26T13:54:01Z,GetObject,userA,10.0.0.70,-0.612793454951921
2024-04-06T15:15:08Z,DescribeInstances,userB,172.16.0.30,-0.612793454951921
2024-03-10T16:33:47Z,PutObject,userF,201.252.170.113,1.6318712152016355
2024-02-28T08:04:44Z,CreateBucket,userH,172.16.0.55,-0.612793454951921
2024-03-20T07:58:19Z,RunInstances,userD,192.168.1.40,-0.612793454951921
2024-06-29T17:44:18Z,ListBuckets,userH,192.168.1.100,-0.612793454951921
2024-01-19T19:41:32Z,PutObject,userG,192.168.1.50,-0.612793454951921
2024-01-31T16:46:47Z,CreateBucket,userG,192.168.1.90,-0.612793454951921
2024-03-07T16:54:38Z,CreateBucket,userF,192.168.1.60,-0.612793454951921
2024-07-01T04:05:47Z,GetObject,userA,192.168.1.40,-0.612793454951921
2024-04-04T22:48:15Z,ListBuckets,userA,198.107.93.140,1.6318712152016355
2024-02-22T10:50:16Z,DeleteBucket,userF,172.16.0.25,-0.612793454951921
2024-06-19T19:09:26Z,DeleteBucket,userF,192.168.1.50,-0.612793454951921
2024-03-30T22:39:37Z,RunInstances,userG,192.168.1.40,-0.612793454951921
2024-01-18T17:29:24Z,RunInstances,userH,192.168.1.80,-0.612793454951921
2024-07-10T04:04:23Z,CreateBucket,userC,172.16.0.60,-0.612793454951921
2024-06-28T13:56:11Z,DescribeInstances,userH,172.16.0.40,-0.612793454951921
2024-05-07T02:47:05Z,PutObject,userB,192.168.1.70,-0.612793454951921
2024-07-22T22:14:24Z,GetObject,userB,192.168.1.20,-0.612793454951921
2024-03-10T12:35:52Z,DescribeInstances,userC,172.16.0.65,-0.612793454951921
2024-03-30T06:41:43Z,TerminateInstances,userA,172.16.0.45,-0.612793454951921
2024-01-18T15:25:15Z,ListBuckets,userA,10.0.0.50,-0.612793454951921
2024-07-03T14:33:49Z,PutObject,userD,172.16.0.40,-0.612793454951921
2024-03-17T16:49:29Z,GetObject,userB,192.168.1.50,-0.612793454951921
2024-04-06T03:13:13Z,PutObject,userB,192.168.1.100,-0.612793454951921
2024-05-11T15:44:54Z,DeleteBucket,userH,192.168.1.20,-0.612793454951921
2024-03-05T20:36:46Z,ListBuckets,userB,172.16.0.50,-0.612793454951921
2024-01-18T13:47:20Z,GetObject,userB,192.168.1.10,-0.612793454951921
2024-03-17T05:17:04Z,CreateBucket,userH,192.168.1.60,-0.612793454951921
2024-07-10T06:23:25Z,GetObject,userD,192.168.1.90,-0.612793454951921
2024-05-15T00:44:45Z,RunInstances,userD,21.194.78.26,1.6318712152016355
2024-06-28T02:13:46Z,PutObject,userA,10.0.0.30,-0.612793454951921
2024-05-15T09:51:57Z,DescribeInstances,userG,172.16.0.35,-0.612793454951921
2024-04-21T22:23:44Z,ListBuckets,userC,192.168.1.30,-0.612793454951921
2024-06-21T19:05:24Z,ListBuckets,userD,4.195.254.0,1.6318712152016355
2024-02-22T23:19:21Z,TerminateInstances,userG,172.16.0.30,-0.612793454951921
2024-06-02T14:56:15Z,TerminateInstances,userE,172.16.0.30,-0.612793454951921
2024-06-12T13:56:09Z,GetObject,userB,172.16.0.25,-0.612793454951921
2024-01-16T09:58:22Z,PutObject,userH,192.168.1.80,-0.612793454951921
2024-07-22T09:56:36Z,CreateBucket,userF,34.190.191.46,1.6318712152016355
2024-04-30T20:40:41Z,DeleteBucket,userD,8.112.100.213,1.6318712152016355
2024-03-30T02:33:12Z,CreateBucket,userE,16.133.197.139,1.6318712152016355
2024-01-24T06:50:39Z,ListBuckets,userA,52.222.125.5,1.6318712152016355
2024-07-18T20:18:47Z,RunInstances,userC,172.16.0.25,-0.612793454951921
2024-06-04T04:45:52Z,GetObject,userG,172.16.0.20,-0.612793454951921
2024-07-12T03:16:11Z,DeleteBucket,userB,192.168.1.60,-0.612793454951921
2024-03-25T17:22:23Z,DeleteBucket,userH,172.16.0.40,-0.612793454951921
2024-05-12T22:48:33Z,TerminateInstances,userC,192.168.1.100,-0.612793454951921
2024-02-25T22:57:09Z,RunInstances,userC,10.0.0.60,-0.612793454951921
2024-07-25T15:51:10Z,CreateBucket,userA,172.16.0.35,-0.612793454951921
2024-07-27T18:49:55Z,ListBuckets,userF,192.168.1.10,-0.612793454951921
2024-05-27T00:04:22Z,DescribeInstances,userC,10.0.0.50,-0.612793454951921
2024-01-03T06:05:11Z,GetObject,userE,192.168.1.90,-0.612793454951921
2024-03-29T04:34:24Z,ListBuckets,userH,172.16.0.30,-0.612793454951921
2024-01-23T14:18:27Z,DescribeInstances,userB,172.16.0.60,-0.612793454951921
2024-03-28T11:31:19Z,ListBuckets,userA,172.16.0.45,-0.612793454951921
2024-01-27T22:40:31Z,DeleteBucket,userD,12.119.235.239,1.6318712152016355
2024-01-05T10:38:44Z,DescribeInstances,userF,106.52.180.10,1.6318712152016355
2024-07-23T18:45:32Z,ListBuckets,userA,215.97.252.8,1.6318712152016355
2024-02-02T19:36:17Z,DeleteBucket,userC,172.16.0.35,-0.612793454951921
2024-05-09T13:57:17Z,DescribeInstances,userE,135.221.181.233,1.6318712152016355
2024-02-01T10:13:27Z,DeleteBucket,userG,88.77.84.234,1.6318712152016355
2024-02-27T10:35:37Z,DeleteBucket,userE,172.16.0.45,-0.612793454951921
2024-05-18T02:36:10Z,ListBuckets,userH,10.0.0.40,-0.612793454951921
2024-04-06T02:52:54Z,CreateBucket,userD,172.16.0.65,-0.612793454951921
2024-02-22T19:29:47Z,TerminateInstances,userD,192.168.1.80,-0.612793454951921
2024-04-18T14:49:06Z,DeleteBucket,userA,172.16.0.25,-0.612793454951921
2024-01-22T03:03:44Z,CreateBucket,userC,10.0.0.60,-0.612793454951921
2024-07-14T10:25:05Z,CreateBucket,userF,1.223.99.218,1.6318712152016355
2024-07-11T14:00:58Z,ListBuckets,userD,220.77.73.16,1.6318712152016355
2024-04-01T04:55:41Z,DescribeInstances,userB,55.100.195.102,1.6318712152016355
2024-02-09T20:48:41Z,PutObject,userG,120.184.145.75,1.6318712152016355
2024-07-11T07:23:23Z,ListBuckets,userC,172.16.0.30,-0.612793454951921
2024-04-18T14:19:35Z,TerminateInstances,userC,172.16.0.40,-0.612793454951921
2024-07-06T23:44:26Z,ListBuckets,userG,142.122.3.119,1.6318712152016355
2024-01-30T04:25:26Z,GetObject,userD,81.113.192.226,1.6318712152016355
2024-03-14T02:21:50Z,CreateBucket,userC,175.129.124.56,1.6318712152016355
2024-05-25T02:20:01Z,CreateBucket,userF,155.195.174.17,1.6318712152016355
2024-03-17T09:56:18Z,TerminateInstances,userE,172.16.0.60,-0.612793454951921
2024-06-10T12:43:44Z,RunInstances,userC,192.168.1.10,-0.612793454951921
2024-01-03T05:38:26Z,GetObject,userA,10.0.0.70,-0.612793454951921
2024-07-15T20:03:42Z,ListBuckets,userB,172.16.0.20,-0.612793454951921
2024-05-19T11:59:55Z,RunInstances,userH,172.16.0.40,-0.612793454951921
2024-03-13T11:35:59Z,GetObject,userB,219.70.87.98,1.6318712152016355
2024-02-13T02:53:09Z,CreateBucket,userA,164.237.125.45,1.6318712152016355
2024-01-31T04:32:48Z,TerminateInstances,userA,192.168.1.60,-0.612793454951921
2024-07-23T22:17:18Z,GetObject,userF,55.203.238.232,1.6318712152016355
2024-03-08T17:43:48Z,CreateBucket,userF,172.16.0.65,-0.612793454951921
2024-01-29T23:22:13Z,GetObject,userD,172.16.0.25,-0.612793454951921
2024-03-31T18:03:23Z,DescribeInstances,userH,192.168.1.70,-0.612793454951921
2024-06-02T00:56:00Z,DeleteBucket,userE,10.0.0.70,-0.612793454951921
2024-06-08T18:08:10Z,CreateBucket,userA,192.168.1.50,-0.612793454951921
2024-03-17T09:01:53Z,ListBuckets,userH,172.16.0.65,-0.612793454951921
2024-01-02T03:38:02Z,DeleteBucket,userD,192.168.1.60,-0.612793454951921
2024-03-26T09:32:05Z,ListBuckets,userF,10.0.0.70,-0.612793454951921
2024-06-27T14:01:17Z,CreateBucket,userA,192.168.1.50,-0.612793454951921
2024-01-22T23:02:18Z,TerminateInstances,userA,172.16.0.50,-0.612793454951921
2024-04-08T14:37:38Z,ListBuckets,userF,10.0.0.50,-0.612793454951921
2024-01-09T21:45:59Z,RunInstances,userD,192.168.1.50,-0.612793454951921
2024-01-16T13:37:59Z,GetObject,userA,172.16.0.20,-0.612793454951921
2024-01-31T09:58:42Z,TerminateInstances,userF,172.16.0.65,-0.612793454951921
2024-04-13T00:20:47Z,DeleteBucket,userC,172.16.0.65,-0.612793454951921
2024-07-16T12:08:55Z,TerminateInstances,userG,26.195.5.143,1.6318712152016355
2024-02-19T09:49:03Z,DescribeInstances,userG,192.168.1.70,-0.612793454951921
2024-03-22T17:48:05Z,PutObject,userC,172.16.0.45,-0.612793454951921
2024-03-21T02:55:28Z,RunInstances,userD,175.245.155.169,1.6318712152016355
2024-03-24T11:27:22Z,RunInstances,userF,172.16.0.45,-0.612793454951921
2024-01-01T10:28:43Z,RunInstances,userD,192.168.1.60,-0.612793454951921
2024-06-08T11:40:33Z,DescribeInstances,userC,164.70.25.110,1.6318712152016355
2024-03-17T18:41:51Z,DeleteBucket,userB,213.73.253.199,1.6318712152016355
2024-06-22T14:39:50Z,GetObject,userE,221.213.0.17,1.6318712152016355
2024-01-15T10:52:53Z,CreateBucket,userA,172.16.0.55,-0.612793454951921
2024-03-27T09:25:15Z,PutObject,userG,172.16.0.55,-0.612793454951921
2024-06-01T11:12:47Z,ListBuckets,userG,192.168.1.100,-0.612793454951921
2024-07-04T15:14:33Z,DescribeInstances,userH,174.63.78.73,1.6318712152016355
2024-05-20T06:27:59Z,DeleteBucket,userC,172.16.0.50,-0.612793454951921
2024-01-02T22:16:23Z,TerminateInstances,userC,23.115.72.73,1.6318712152016355
2024-03-28T13:21:02Z,DeleteBucket,userA,10.0.0.40,-0.612793454951921
2024-07-01T19:16:35Z,PutObject,userH,97.238.119.3,1.6318712152016355
2024-03-07T23:23:43Z,ListBuckets,userG,192.168.1.100,-0.612793454951921
2024-03-22T21:58:45Z,DeleteBucket,userE,42.150.198.157,1.6318712152016355
2024-07-06T00:49:25Z,DeleteBucket,userD,10.0.0.70,-0.612793454951921
2024-06-11T15:41:40Z,TerminateInstances,userE,201.227.99.41,1.6318712152016355
2024-04-21T15:57:55Z,PutObject,userD,102.86.161.185,1.6318712152016355
2024-06-30T04:21:18Z,DeleteBucket,userH,44.41.120.114,1.6318712152016355
2024-01-31T11:19:10Z,PutObject,userD,192.168.1.90,-0.612793454951921
2024-05-27T21:34:17Z,RunInstances,userA,192.168.1.60,-0.612793454951921
2024-04-23T16:40:06Z,CreateBucket,userG,87.1.185.180,1.6318712152016355
2024-06-21T15:54:37Z,PutObject,userE,172.16.0.55,-0.612793454951921
2024-07-14T05:54:54Z,PutObject,userD,172.16.0.20,-0.612793454951921
2024-04-25T11:49:00Z,PutObject,userA,126.163.34.223,1.6318712152016355
2024-05-13T04:48:37Z,CreateBucket,userA,172.16.0.30,-0.612793454951921
2024-03-29T16:37:36Z,DescribeInstances,userF,192.168.1.40,-0.612793454951921
2024-04-04T03:46:50Z,ListBuckets,userG,172.16.0.45,-0.612793454951921
2024-04-20T11:15:56Z,DescribeInstances,userH,128.70.141.41,1.6318712152016355
2024-05-29T11:06:18Z,ListBuckets,userD,65.79.9.92,1.6318712152016355
2024-04-26T21:24:25Z,DescribeInstances,userA,10.0.0.40,-0.612793454951921
2024-03-02T03:10:14Z,TerminateInstances,userC,192.168.1.30,-0.612793454951921
2024-01-12T16:57:14Z,PutObject,userA,28.36.23.79,1.6318712152016355
2024-06-19T02:18:15Z,TerminateInstances,userD,172.16.0.25,-0.612793454951921
2024-03-08T06:07:59Z,DescribeInstances,userD,172.16.0.55,-0.612793454951921
2024-01-18T04:39:38Z,ListBuckets,userA,10.0.0.30,-0.612793454951921
2024-06-06T22:44:18Z,DeleteBucket,userF,121.232.51.123,1.6318712152016355
2024-01-31T21:50:45Z,RunInstances,userB,172.16.0.45,-0.612793454951921
2024-02-23T09:57:49Z,RunInstances,userB,10.0.0.50,-0.612793454951921
2024-02-15T06:22:20Z,GetObject,userA,172.16.0.55,-0.612793454951921
2024-04-20T13:01:49Z,CreateBucket,userA,192.168.1.90,-0.612793454951921
2024-02-25T05:36:19Z,ListBuckets,userF,172.16.0.45,-0.612793454951921
2024-02-15T08:38:14Z,ListBuckets,userH,10.0.0.50,-0.612793454951921
2024-02-03T04:15:33Z,ListBuckets,userC,192.168.1.10,-0.612793454951921
2024-03-25T03:19:31Z,PutObject,userC,10.0.0.30,-0.612793454951921
2024-06-16T08:00:03Z,DescribeInstances,userF,192.168.1.50,-0.612793454951921
2024-02-16T12:32:28Z,ListBuckets,userG,172.16.0.60,-0.612793454951921
2024-05-22T11:29:53Z,GetObject,userC,26.137.144.184,1.6318712152016355
2024-05-16T01:49:45Z,GetObject,userE,10.0.0.40,-0.612793454951921
2024-04-26T05:12:09Z,CreateBucket,userF,172.16.0.55,-0.612793454951921
2024-03-23T12:11:29Z,PutObject,userA,192.168.1.40,-0.612793454951921
2024-03-05T23:10:20Z,GetObject,userH,172.16.0.20,-0.612793454951921
2024-07-10T17:49:12Z,DescribeInstances,userG,192.168.1.40,-0.612793454951921
2024-05-27T19:43:44Z,GetObject,userG,91.187.97.33,1.6318712152016355
2024-01-17T14:36:04Z,RunInstances,userE,84.104.192.92,1.6318712152016355
2024-01-29T04:44:57Z,PutObject,userA,10.0.0.70,-0.612793454951921
2024-05-12T16:45:39Z,DeleteBucket,userA,172.16.0.30,-0.612793454951921
2024-02-15T20:48:46Z,GetObject,userC,192.168.1.50,-0.612793454951921
2024-02-21T07:05:52Z,DeleteBucket,userE,192.168.1.50,-0.612793454951921
2024-06-10T07:53:09Z,DeleteBucket,userH,10.0.0.30,-0.612793454951921
2024-06-09T04:48:25Z,TerminateInstances,userH,172.16.0.20,-0.612793454951921
2024-04-04T17:46:26Z,RunInstances,userG,192.168.1.60,-0.612793454951921
2024-01-02T09:51:45Z,PutObject,userC,10.0.0.30,-0.612793454951921
2024-04-13T06:57:48Z,PutObject,userA,35.33.206.198,1.6318712152016355
2024-03-26T11:59:49Z,DeleteBucket,userF,182.239.52.240,1.6318712152016355
2024-06-07T14:15:20Z,GetObject,userF,68.96.67.69,1.6318712152016355
2024-04-26T02:55:53Z,PutObject,userD,192.168.1.30,-0.612793454951921
2024-05-31T00:55:37Z,DeleteBucket,userC,222.172.220.172,1.6318712152016355
2024-03-16T01:20:47Z,TerminateInstances,userE,192.168.1.60,-0.612793454951921
2024-01-10T20:05:22Z,DeleteBucket,userG,172.16.0.20,-0.612793454951921
2024-07-01T10:52:52Z,GetObject,userF,192.168.1.10,-0.612793454951921
2024-02-09T13:46:52Z,DescribeInstances,userE,186.145.118.224,1.6318712152016355
2024-05-20T09:44:55Z,GetObject,userA,45.186.130.172,1.6318712152016355
2024-07-13T19:23:02Z,TerminateInstances,userE,192.168.1.70,-0.612793454951921
2024-02-05T13:34:03Z,PutObject,userE,172.16.0.45,-0.612793454951921
2024-06-21T05:48:48Z,CreateBucket,userA,88.45.191.14,1.6318712152016355
2024-03-13T19:39:50Z,ListBuckets,userF,172.16.0.60,-0.612793454951921
2024-01-30T20:04:56Z,GetObject,userB,79.37.118.215,1.6318712152016355
2024-02-29T08:14:22Z,GetObject,userB,192.168.1.50,-0.612793454951921
2024-06-12T18:41:54Z,TerminateInstances,userF,172.16.0.25,-0.612793454951921
2024-07-21T17:26:18Z,PutObject,userC,192.168.1.30,-0.612793454951921
2024-06-05T00:17:06Z,DescribeInstances,userF,10.0.0.40,-0.612793454951921
2024-01-02T14:26:53Z,DeleteBucket,userG,192.168.1.20,-0.612793454951921
2024-01-27T01:20:37Z,ListBuckets,userD,172.16.0.65,-0.612793454951921
2024-03-31T08:20:52Z,TerminateInstances,userA,192.168.1.20,-0.612793454951921
2024-04-18T23:44:36Z,TerminateInstances,userB,192.168.1.50,-0.612793454951921
2024-06-14T15:06:00Z,DeleteBucket,userG,10.23.193.130,1.6318712152016355
2024-01-28T02:51:29Z,GetObject,userH,10.0.0.30,-0.612793454951921
2024-05-17T03:36:21Z,DeleteBucket,userD,172.16.0.45,-0.612793454951921
2024-05-27T16:24:28Z,PutObject,userG,172.16.0.40,-0.612793454951921
2024-06-29T14:18:28Z,ListBuckets,userH,172.16.0.35,-0.612793454951921
2024-01-29T05:04:34Z,PutObject,userE,172.16.0.25,-0.612793454951921
2024-02-12T01:44:04Z,TerminateInstances,userE,172.16.0.20,-0.612793454951921
2024-05-20T21:41:07Z,DescribeInstances,userE,192.168.1.60,-0.612793454951921
2024-05-04T22:54:55Z,TerminateInstances,userF,25.223.53.222,1.6318712152016355
2024-04-27T16:49:38Z,TerminateInstances,userG,172.16.0.65,-0.612793454951921
2024-07-25T07:10:29Z,DeleteBucket,userD,172.16.0.50,-0.612793454951921
2024-05-14T16:47:33Z,DescribeInstances,userB,171.207.145.220,1.6318712152016355
2024-06-22T09:01:43Z,CreateBucket,userD,192.168.1.30,-0.612793454951921
2024-07-01T18:30:31Z,DeleteBucket,userA,10.0.0.60,-0.612793454951921
2024-03-02T05:46:58Z,ListBuckets,userG,192.168.1.100,-0.612793454951921
2024-05-14T15:06:37Z,RunInstances,userA,10.0.0.60,-0.612793454951921
2024-02-01T16:58:31Z,ListBuckets,userD,192.168.1.10,-0.612793454951921
2024-07-05T19:00:13Z,DeleteBucket,userD,5.250.42.48,1.6318712152016355
2024-04-29T05:22:45Z,ListBuckets,userD,192.168.1.40,-0.612793454951921
2024-03-31T16:07:53Z,CreateBucket,userE,195.206.220.195,1.6318712152016355
2024-04-23T23:32:46Z,GetObject,userD,10.0.0.70,-0.612793454951921
2024-02-19T11:09:33Z,ListBuckets,userA,192.168.1.50,-0.612793454951921
2024-05-24T07:17:56Z,DeleteBucket,userC,10.0.0.50,-0.612793454951921
2024-06-21T11:51:59Z,ListBuckets,userB,172.16.0.45,-0.612793454951921
2024-02-07T14:17:24Z,GetObject,userG,172.16.0.30,-0.612793454951921
2024-07-04T17:11:15Z,TerminateInstances,userC,192.168.1.50,-0.612793454951921
2024-02-18T14:57:02Z,CreateBucket,userD,176.88.16.99,1.6318712152016355
2024-01-16T14:29:02Z,RunInstances,userA,192.168.1.20,-0.612793454951921
2024-07-25T21:22:23Z,GetObject,userD,10.0.0.70,-0.612793454951921
2024-05-13T19:39:16Z,PutObject,userH,192.168.1.40,-0.612793454951921
2024-02-20T15:35:26Z,DescribeInstances,userB,146.34.198.101,1.6318712152016355
2024-04-07T23:03:50Z,RunInstances,userG,98.62.182.39,1.6318712152016355
2024-07-03T13:39:32Z,DeleteBucket,userG,10.0.0.60,-0.612793454951921
2024-01-25T16:15:10Z,TerminateInstances,userB,192.168.1.40,-0.612793454951921
2024-04-18T12:52:02Z,CreateBucket,userH,192.168.1.50,-0.612793454951921
2024-02-16T02:17:02Z,CreateBucket,userB,10.0.0.50,-0.612793454951921
2024-03-19T01:36:26Z,PutObject,userF,172.16.0.30,-0.612793454951921
2024-05-14T05:44:52Z,ListBuckets,userB,192.168.1.70,-0.612793454951921
2024-07-23T11:51:18Z,GetObject,userE,10.0.0.70,-0.612793454951921
2024-06-05T05:25:01Z,GetObject,userD,192.168.1.10,-0.612793454951921
2024-03-08T00:11:23Z,DeleteBucket,userC,10.0.0.60,-0.612793454951921
2024-01-11T16:50:36Z,RunInstances,userB,30.85.173.38,1.6318712152016355
2024-03-11T12:07:51Z,ListBuckets,userD,153.11.211.134,1.6318712152016355
2024-01-16T21:07:10Z,TerminateInstances,userH,192.168.1.10,-0.612793454951921
2024-02-03T23:52:37Z,GetObject,userG,172.16.0.25,-0.612793454951921
2024-07-06T15:15:33Z,ListBuckets,userB,192.168.1.100,-0.612793454951921
2024-06-21T23:44:00Z,GetObject,userB,192.168.1.20,-0.612793454951921
2024-07-25T17:45:59Z,DescribeInstances,userF,29.35.90.94,1.6318712152016355
2024-01-27T15:48:52Z,RunInstances,userC,172.16.0.35,-0.612793454951921
2024-01-03T04:43:34Z,RunInstances,userF,10.0.0.30,-0.612793454951921
2024-04-22T09:44:42Z,PutObject,userF,7.181.82.14,1.6318712152016355
2024-06-19T12:28:15Z,DeleteBucket,userA,172.16.0.40,-0.612793454951921
2024-03-24T16:28:00Z,GetObject,userF,31.141.149.70,1.6318712152016355
2024-03-24T13:30:35Z,ListBuckets,userE,192.131.218.252,1.6318712152016355
2024-07-19T02:15:54Z,GetObject,userB,10.0.0.40,-0.612793454951921
2024-01-13T06:39:52Z,CreateBucket,userF,142.38.183.141,1.6318712152016355
2024-05-30T00:44:49Z,DescribeInstances,userF,172.16.0.30,-0.612793454951921
2024-03-14T14:42:12Z,DeleteBucket,userF,26.112.69.112,1.6318712152016355
2024-05-07T17:02:28Z,PutObject,userC,172.16.0.25,-0.612793454951921
2024-02-11T18:35:55Z,DescribeInstances,userF,192.168.1.40,-0.612793454951921
2024-01-06T16:18:12Z,PutObject,userD,96.238.105.165,1.6318712152016355
2024-03-27T21:17:55Z,RunInstances,userF,135.187.174.20,1.6318712152016355
2024-01-03T14:12:44Z,RunInstances,userE,172.16.0.50,-0.612793454951921
2024-02-21T23:37:04Z,DeleteBucket,userF,192.168.1.90,-0.612793454951921
2024-05-18T13:20:53Z,GetObject,userF,172.16.0.65,-0.612793454951921
2024-03-31T23:19:15Z,CreateBucket,userC,36.166.66.107,1.6318712152016355
2024-02-02T05:10:17Z,DescribeInstances,userA,172.16.0.20,-0.612793454951921
2024-06-18T16:45:09Z,ListBuckets,userH,10.0.0.60,-0.612793454951921
2024-05-29T00:01:07Z,DescribeInstances,userA,10.0.0.40,-0.612793454951921
2024-01-31T16:05:41Z,DeleteBucket,userC,188.237.25.126,1.6318712152016355
2024-04-20T14:06:37Z,CreateBucket,userA,172.16.0.25,-0.612793454951921
2024-07-06T06:21:41Z,ListBuckets,userB,75.110.113.79,1.6318712152016355
2024-03-14T15:19:47Z,DeleteBucket,userB,197.21.119.137,1.6318712152016355
2024-02-11T13:55:27Z,CreateBucket,userF,68.1.159.241,1.6318712152016355
2024-01-23T20:35:53Z,CreateBucket,userA,172.16.0.60,-0.612793454951921
2024-07-22T05:55:17Z,ListBuckets,userB,172.16.0.65,-0.612793454951921
2024-02-01T14:51:46Z,GetObject,userF,10.0.0.30,-0.612793454951921
2024-07-29T20:54:45Z,GetObject,userH,192.168.1.90,-0.612793454951921
2024-04-16T10:47:41Z,CreateBucket,userC,192.168.1.60,-0.612793454951921
2024-02-29T14:01:31Z,DescribeInstances,userF,192.168.1.40,-0.612793454951921
2024-01-24T21:10:16Z,TerminateInstances,userH,196.144.173.230,1.6318712152016355
2024-04-09T18:25:12Z,RunInstances,userD,10.0.0.70,-0.612793454951921
2024-04-10T19:36:40Z,RunInstances,userH,185.38.101.43,1.6318712152016355
2024-05-17T17:48:52Z,DescribeInstances,userC,192.168.1.30,-0.612793454951921
2024-04-14T23:27:39Z,TerminateInstances,userH,192.168.1.100,-0.612793454951921
2024-06-29T18:45:16Z,PutObject,userB,10.0.0.40,-0.612793454951921
2024-01-16T04:01:10Z,GetObject,userA,172.16.0.35,-0.612793454951921
2024-01-05T10:36:13Z,PutObject,userE,192.168.1.90,-0.612793454951921
2024-03-12T10:00:05Z,TerminateInstances,userA,138.60.110.229,1.6318712152016355
2024-06-05T12:25:26Z,GetObject,userC,10.0.0.60,-0.612793454951921
2024-01-08T02:20:05Z,DeleteBucket,userF,192.168.1.60,-0.612793454951921
2024-04-18T07:59:40Z,PutObject,userD,10.0.0.60,-0.612793454951921
2024-05-04T03:36:47Z,GetObject,userB,192.168.1.80,-0.612793454951921
2024-04-22T09:09:18Z,DescribeInstances,userH,129.29.87.71,1.6318712152016355
2024-04-20T06:17:13Z,TerminateInstances,userE,10.0.0.70,-0.612793454951921
2024-07-29T14:49:00Z,DeleteBucket,userC,172.16.0.50,-0.612793454951921
2024-05-15T13:48:21Z,GetObject,userG,86.242.27.139,1.6318712152016355
2024-03-06T21:46:02Z,TerminateInstances,userF,172.16.0.30,-0.612793454951921
2024-02-06T11:43:09Z,GetObject,userB,10.0.0.70,-0.612793454951921
2024-06-26T04:40:06Z,CreateBucket,userC,10.0.0.30,-0.612793454951921
2024-02-19T14:34:20Z,RunInstances,userD,172.16.0.45,-0.612793454951921
2024-05-20T20:04:39Z,DescribeInstances,userF,172.16.0.60,-0.612793454951921
2024-03-13T15:49:30Z,TerminateInstances,userB,172.16.0.25,-0.612793454951921
2024-07-03T06:38:08Z,TerminateInstances,userA,163.4.124.216,1.6318712152016355
2024-02-07T07:16:03Z,DescribeInstances,userH,192.168.1.30,-0.612793454951921
2024-03-01T16:32:39Z,CreateBucket,userD,212.214.253.38,1.6318712152016355
2024-04-13T03:07:05Z,RunInstances,userG,10.0.0.60,-0.612793454951921
2024-06-09T12:10:44Z,CreateBucket,userD,192.168.1.50,-0.612793454951921
2024-04-10T08:04:11Z,PutObject,userH,192.168.1.90,-0.612793454951921
2024-07-02T02:56:35Z,CreateBucket,userE,147.129.19.148,1.6318712152016355
2024-06-08T09:26:30Z,PutObject,userB,10.0.0.60,-0.612793454951921
2024-05-29T11:22:39Z,PutObject,userH,10.0.0.40,-0.612793454951921
2024-02-10T15:04:44Z,ListBuckets,userE,192.168.1.60,-0.612793454951921
2024-03-22T21:50:38Z,DescribeInstances,userD,172.16.0.30,-0.612793454951921
2024-07-25T10:50:32Z,CreateBucket,userB,13.9.243.220,1.6318712152016355
2024-07-19T19:38:29Z,ListBuckets,userG,192.168.1.80,-0.612793454951921
2024-04-08T19:30:53Z,ListBuckets,userH,172.16.0.45,-0.612793454951921
2024-05-04T12:20:13Z,DescribeInstances,userD,172.16.0.35,-0.612793454951921
2024-06-25T08:11:40Z,DescribeInstances,userH,184.251.147.104,1.6318712152016355
2024-02-15T04:45:05Z,CreateBucket,userE,192.168.1.10,-0.612793454951921
2024-02-20T06:18:56Z,PutObject,userF,21.77.210.254,1.6318712152016355
2024-03-07T19:28:35Z,DeleteBucket,userD,192.168.1.90,-0.612793454951921
2024-02-05T18:38:58Z,GetObject,userA,10.0.0.60,-0.612793454951921
2024-02-29T12:24:34Z,TerminateInstances,userE,44.249.72.101,1.6318712152016355
2024-02-15T13:26:07Z,DescribeInstances,userB,192.168.1.30,-0.612793454951921
2024-05-19T02:50:15Z,PutObject,userA,192.168.1.90,-0.612793454951921
2024-06-27T04:41:33Z,PutObject,userF,192.168.1.100,-0.612793454951921
2024-01-19T08:35:02Z,ListBuckets,userC,172.16.0.20,-0.612793454951921
2024-03-13T16:41:19Z,DeleteBucket,userB,223.224.17.204,1.6318712152016355
2024-03-17T17:09:46Z,TerminateInstances,userE,10.0.0.50,-0.612793454951921
2024-05-04T14:13:19Z,DeleteBucket,userA,192.168.1.70,-0.612793454951921
2024-04-07T13:25:00Z,DeleteBucket,userA,192.168.1.90,-0.612793454951921
2024-03-27T17:59:59Z,GetObject,userH,172.16.0.50,-0.612793454951921
2024-02-19T05:48:05Z,GetObject,userA,10.0.0.30,-0.612793454951921
2024-07-28T03:27:13Z,RunInstances,userF,192.168.1.80,-0.612793454951921
2024-05-06T19:26:18Z,TerminateInstances,userD,104.130.204.64,1.6318712152016355
2024-07-04T06:21:37Z,GetObject,userA,10.156.14.119,1.6318712152016355
2024-05-29T05:21:00Z,PutObject,userC,172.16.0.40,-0.612793454951921
2024-02-23T18:08:37Z,PutObject,userB,10.0.0.70,-0.612793454951921
2024-01-23T05:18:40Z,GetObject,userB,172.16.0.45,-0.612793454951921
2024-03-21T06:41:22Z,DeleteBucket,userC,192.168.1.100,-0.612793454951921
2024-05-05T11:13:55Z,TerminateInstances,userD,30.178.87.223,1.6318712152016355
2024-06-05T19:50:19Z,DescribeInstances,userF,187.139.70.27,1.6318712152016355
2024-02-27T19:36:29Z,ListBuckets,userH,192.168.1.90,-0.612793454951921
2024-04-13T12:10:34Z,GetObject,userC,172.16.0.65,-0.612793454951921
2024-06-13T13:13:48Z,ListBuckets,userB,76.4.79.198,1.6318712152016355
2024-05-13T23:57:09Z,ListBuckets,userG,192.168.1.10,-0.612793454951921
2024-02-23T23:18:15Z,DescribeInstances,userD,172.16.0.30,-0.612793454951921
2024-01-01T23:31:53Z,CreateBucket,userD,192.168.1.50,-0.612793454951921
2024-05-31T22:49:09Z,DeleteBucket,userD,10.0.0.70,-0.612793454951921
2024-04-18T18:32:50Z,GetObject,userD,192.168.1.10,-0.612793454951921
2024-04-01T17:34:45Z,RunInstances,userG,192.168.1.60,-0.612793454951921
2024-05-06T04:34:47Z,TerminateInstances,userG,192.168.1.70,-0.612793454951921
2024-01-09T21:25:25Z,RunInstances,userA,43.203.236.178,1.6318712152016355
2024-06-06T10:18:18Z,DescribeInstances,userG,10.0.0.60,-0.612793454951921
2024-05-14T06:14:42Z,PutObject,userD,10.0.0.60,-0.612793454951921
2024-03-17T09:47:12Z,TerminateInstances,userH,192.168.1.70,-0.612793454951921
2024-06-20T03:38:33Z,ListBuckets,userA,172.16.0.45,-0.612793454951921
2024-01-26T19:41:00Z,TerminateInstances,userH,192.168.1.80,-0.612793454951921
2024-06-21T11:26:16Z,ListBuckets,userH,192.168.1.30,-0.612793454951921
2024-05-19T05:13:21Z,PutObject,userC,192.168.1.40,-0.612793454951921
2024-04-28T10:59:56Z,TerminateInstances,userC,172.16.0.20,-0.612793454951921
2024-03-12T23:22:42Z,RunInstances,userD,10.0.0.30,-0.612793454951921
2024-03-06T22:51:27Z,PutObject,userF,199.140.9.75,1.6318712152016355
2024-03-17T08:24:22Z,GetObject,userG,208.234.83.153,1.6318712152016355
2024-01-11T22:04:46Z,DeleteBucket,userD,121.129.173.159,1.6318712152016355
2024-04-29T14:46:57Z,DescribeInstances,userB,172.16.0.65,-0.612793454951921
2024-01-31T05:45:42Z,RunInstances,userD,192.168.1.80,-0.612793454951921
2024-03-25T06:07:27Z,TerminateInstances,userA,172.16.0.65,-0.612793454951921
2024-01-01T04:07:52Z,TerminateInstances,userC,193.64.65.148,1.6318712152016355
2024-02-04T03:08:30Z,ListBuckets,userF,10.0.0.50,-0.612793454951921
2024-07-02T22:39:22Z,PutObject,userF,172.16.0.30,-0.612793454951921
2024-04-25T06:45:41Z,RunInstances,userH,147.0.46.8,1.6318712152016355
2024-04-09T16:46:55Z,DescribeInstances,userH,10.0.0.60,-0.612793454951921
2024-04-18T07:06:51Z,DescribeInstances,userG,10.0.0.30,-0.612793454951921
2024-05-09T01:44:19Z,PutObject,userH,172.16.0.45,-0.612793454951921
2024-05-08T21:39:38Z,ListBuckets,userB,192.168.1.80,-0.612793454951921
2024-03-29T15:22:36Z,ListBuckets,userC,55.189.63.33,1.6318712152016355
2024-01-03T04:41:32Z,PutObject,userB,149.162.43.21,1.6318712152016355
2024-06-23T01:36:13Z,ListBuckets,userC,172.16.0.45,-0.612793454951921
2024-05-10T11:03:25Z,GetObject,userE,10.0.0.40,-0.612793454951921
2024-07-12T05:17:59Z,DeleteBucket,userB,168.142.231.188,1.6318712152016355
2024-06-03T11:11:24Z,RunInstances,userB,172.16.0.65,-0.612793454951921
2024-05-22T21:42:57Z,PutObject,userH,192.168.1.70,-0.612793454951921
2024-01-30T03:32:31Z,ListBuckets,userF,172.16.0.35,-0.612793454951921
2024-02-19T21:13:41Z,TerminateInstances,userE,172.16.0.50,-0.612793454951921
2024-04-25T06:05:47Z,PutObject,userH,117.201.210.201,1.6318712152016355
2024-04-28T19:12:22Z,CreateBucket,userB,192.168.1.100,-0.612793454951921
2024-04-10T12:34:14Z,RunInstances,userE,114.150.18.198,1.6318712152016355
2024-03-08T20:53:46Z,CreateBucket,userC,192.168.1.50,-0.612793454951921
2024-03-25T17:32:36Z,TerminateInstances,userD,10.0.0.40,-0.612793454951921
2024-04-20T09:02:33Z,DeleteBucket,userH,192.168.1.10,-0.612793454951921
2024-07-20T01:18:04Z,DeleteBucket,userB,172.16.0.50,-0.612793454951921
2024-06-06T23:56:03Z,PutObject,userF,172.16.0.30,-0.612793454951921
2024-05-08T22:13:19Z,DescribeInstances,userA,172.16.0.30,-0.612793454951921
2024-05-09T08:53:35Z,DescribeInstances,userH,10.0.0.60,-0.612793454951921
2024-04-28T12:45:48Z,GetObject,userB,192.168.1.40,-0.612793454951921
2024-01-30T23:38:22Z,TerminateInstances,userD,172.16.0.35,-0.612793454951921
2024-05-13T13:02:39Z,TerminateInstances,userF,192.168.1.30,-0.612793454951921
2024-07-02T12:18:02Z,ListBuckets,userA,172.16.0.50,-0.612793454951921
2024-04-07T20:49:09Z,TerminateInstances,userG,172.16.0.25,-0.612793454951921
2024-01-12T14:39:51Z,DescribeInstances,userE,10.0.0.40,-0.612793454951921
2024-03-17T22:29:20Z,DeleteBucket,userF,172.16.0.45,-0.612793454951921
2024-02-27T13:26:45Z,DescribeInstances,userE,172.16.0.30,-0.612793454951921
2024-06-18T15:30:22Z,PutObject,userH,10.0.0.50,-0.612793454951921
2024-03-22T02:22:16Z,GetObject,userE,10.0.0.40,-0.612793454951921
2024-04-01T04:35:45Z,PutObject,userH,10.0.0.70,-0.612793454951921
2024-05-29T05:12:38Z,GetObject,userG,172.16.0.25,-0.612793454951921
2024-07-08T09:55:44Z,DeleteBucket,userH,212.192.207.110,1.6318712152016355
2024-02-03T02:20:33Z,PutObject,userB,94.74.8.138,1.6318712152016355
2024-03-04T23:12:32Z,PutObject,userG,152.189.121.20,1.6318712152016355
2024-04-29T04:36:06Z,ListBuckets,userG,10.0.0.30,-0.612793454951921
2024-03-06T18:44:22Z,RunInstances,userC,10.0.0.30,-0.612793454951921
2024-01-16T03:55:06Z,ListBuckets,userE,99.193.191.92,1.6318712152016355
2024-06-12T21:39:56Z,PutObject,userF,172.16.0.50,-0.612793454951921
2024-02-12T22:03:17Z,DescribeInstances,userF,172.16.0.25,-0.612793454951921
2024-01-15T09:36:35Z,TerminateInstances,userC,209.87.35.157,1.6318712152016355
2024-01-18T06:15:21Z,DescribeInstances,userG,192.168.1.10,-0.612793454951921
2024-02-05T15:15:07Z,CreateBucket,userH,184.129.166.252,1.6318712152016355
2024-03-08T00:39:32Z,GetObject,userD,10.247.101.31,1.6318712152016355
2024-02-27T18:58:40Z,GetObject,userF,147.127.124.156,1.6318712152016355
2024-02-20T22:43:11Z,DeleteBucket,userC,26.103.144.98,1.6318712152016355
2024-05-05T01:54:24Z,ListBuckets,userC,192.168.1.100,-0.612793454951921
2024-02-16T22:27:03Z,ListBuckets,userB,192.168.1.20,-0.612793454951921
2024-04-07T11:31:34Z,PutObject,userC,44.48.238.145,1.6318712152016355
2024-03-10T04:01:23Z,TerminateInstances,userA,192.168.1.70,-0.612793454951921
2024-03-14T16:02:29Z,PutObject,userF,10.0.0.30,-0.612793454951921
2024-07-15T12:24:08Z,DescribeInstances,userB,10.0.0.70,-0.612793454951921
2024-02-23T07:15:56Z,GetObject,userE,100.20.241.218,1.6318712152016355
2024-01-09T06:33:35Z,DeleteBucket,userF,89.239.101.190,1.6318712152016355
2024-06-24T09:36:15Z,PutObject,userH,143.31.202.217,1.6318712152016355
2024-04-03T18:03:26Z,TerminateInstances,userC,192.168.1.10,-0.612793454951921
2024-02-29T16:10:39Z,GetObject,userC,10.0.0.60,-0.612793454951921
2024-01-08T05:07:26Z,RunInstances,userH,192.168.1.70,-0.612793454951921
2024-01-02T04:52:42Z,GetObject,userD,172.16.0.65,-0.612793454951921
2024-04-25T21:32:03Z,CreateBucket,userG,168.217.198.3,1.6318712152016355
2024-05-21T00:24:57Z,PutObject,userG,25.121.56.132,1.6318712152016355
2024-05-14T10:58:11Z,DeleteBucket,userG,172.16.0.45,-0.612793454951921
2024-03-30T22:53:16Z,ListBuckets,userD,172.16.0.60,-0.612793454951921
2024-07-11T10:19:54Z,PutObject,userF,172.16.0.20,-0.612793454951921
2024-01-01T14:13:47Z,DeleteBucket,userE,79.22.23.15,1.6318712152016355
2024-03-27T14:02:45Z,TerminateInstances,userH,192.168.1.80,-0.612793454951921
2024-02-12T22:19:37Z,TerminateInstances,userD,10.0.0.70,-0.612793454951921
2024-01-23T05:12:28Z,DescribeInstances,userF,192.168.1.60,-0.612793454951921
2024-05-31T04:04:46Z,DeleteBucket,userD,172.16.0.30,-0.612793454951921
2024-01-13T07:47:17Z,DeleteBucket,userA,54.35.51.192,1.6318712152016355
2024-06-23T07:25:10Z,CreateBucket,userG,172.16.0.45,-0.612793454951921
2024-06-08T04:33:05Z,DescribeInstances,userE,90.248.125.137,1.6318712152016355
2024-03-28T14:01:52Z,TerminateInstances,userH,192.168.1.20,-0.612793454951921
2024-04-27T21:09:06Z,DeleteBucket,userF,192.168.1.80,-0.612793454951921
2024-02-01T18:08:28Z,ListBuckets,userE,172.16.0.30,-0.612793454951921
2024-02-16T17:59:06Z,GetObject,userH,192.168.1.50,-0.612793454951921
2024-01-29T20:44:48Z,DescribeInstances,userC,172.16.0.30,-0.612793454951921
2024-01-14T08:57:37Z,DescribeInstances,userA,10.0.0.30,-0.612793454951921
2024-05-15T16:57:45Z,CreateBucket,userF,192.168.1.90,-0.612793454951921
2024-02-15T11:49:52Z,CreateBucket,userE,10.0.0.60,-0.612793454951921
2024-06-17T08:22:13Z,TerminateInstances,userD,172.16.0.20,-0.612793454951921
2024-04-18T04:24:41Z,RunInstances,userB,94.103.105.251,1.6318712152016355
2024-05-23T12:58:50Z,ListBuckets,userB,192.168.1.30,-0.612793454951921
2024-04-04T15:19:25Z,DescribeInstances,userE,192.168.1.20,-0.612793454951921
2024-06-15T23:13:18Z,RunInstances,userG,46.140.42.145,1.6318712152016355
2024-02-20T01:33:29Z,TerminateInstances,userG,172.16.0.30,-0.612793454951921
2024-04-16T13:45:22Z,ListBuckets,userD,192.168.1.40,-0.612793454951921
2024-03-23T16:06:31Z,RunInstances,userA,172.16.0.25,-0.612793454951921
2024-06-21T17:47:19Z,GetObject,userG,172.16.0.20,-0.612793454951921
2024-04-14T16:52:03Z,PutObject,userE,42.119.157.87,1.6318712152016355
2024-07-23T12:10:31Z,DescribeInstances,userE,192.168.1.10,-0.612793454951921
2024-07-10T19:42:03Z,ListBuckets,userB,172.16.0.50,-0.612793454951921
2024-04-27T00:55:14Z,DeleteBucket,userE,10.0.0.30,-0.612793454951921
2024-05-31T14:57:33Z,GetObject,userG,10.0.0.70,-0.612793454951921
2024-04-01T15:16:46Z,PutObject,userD,10.0.0.70,-0.612793454951921
2024-03-31T23:13:14Z,ListBuckets,userF,10.0.0.70,-0.612793454951921
2024-07-15T08:33:48Z,PutObject,userE,192.168.1.50,-0.612793454951921
2024-04-25T02:35:32Z,DescribeInstances,userG,10.0.0.50,-0.612793454951921
2024-04-14T04:21:03Z,CreateBucket,userF,192.168.1.100,-0.612793454951921
2024-05-03T11:08:11Z,DeleteBucket,userD,5.243.32.196,1.6318712152016355
2024-07-12T10:55:51Z,DescribeInstances,userH,31.210.157.141,1.6318712152016355
2024-06-20T08:42:09Z,TerminateInstances,userG,10.0.0.40,-0.612793454951921
2024-04-25T05:28:28Z,DeleteBucket,userC,192.168.1.20,-0.612793454951921
2024-04-24T12:50:37Z,PutObject,userE,172.16.0.55,-0.612793454951921
2024-01-20T18:32:44Z,RunInstances,userF,192.168.1.30,-0.612793454951921
2024-05-19T03:20:25Z,TerminateInstances,userH,192.168.1.90,-0.612793454951921
2024-04-26T19:39:51Z,GetObject,userH,10.0.0.40,-0.612793454951921
2024-06-01T17:07:34Z,DeleteBucket,userC,172.16.0.50,-0.612793454951921
2024-04-29T13:33:56Z,GetObject,userG,10.0.0.70,-0.612793454951921
2024-06-09T19:49:05Z,ListBuckets,userE,181.188.176.208,1.6318712152016355
2024-03-11T19:56:07Z,GetObject,userD,69.201.68.205,1.6318712152016355
2024-07-27T17:50:42Z,GetObject,userG,192.168.1.90,-0.612793454951921
2024-07-24T17:08:43Z,DeleteBucket,userD,25.116.101.166,1.6318712152016355
2024-01-17T11:00:36Z,DescribeInstances,userD,10.0.0.40,-0.612793454951921
2024-02-22T06:07:54Z,ListBuckets,userE,172.16.0.50,-0.612793454951921
2024-01-27T19:18:09Z,ListBuckets,userH,192.168.1.30,-0.612793454951921
2024-05-31T21:39:44Z,RunInstances,userD,192.168.1.90,-0.612793454951921
2024-07-14T19:02:00Z,TerminateInstances,userF,192.168.1.40,-0.612793454951921
2024-07-03T13:30:29Z,DeleteBucket,userA,172.16.0.30,-0.612793454951921
2024-06-27T12:35:41Z,CreateBucket,userA,172.16.0.25,-0.612793454951921
2024-06-09T08:11:02Z,CreateBucket,userG,10.0.0.70,-0.612793454951921
2024-03-20T03:08:41Z,GetObject,userH,172.16.0.40,-0.612793454951921
2024-05-28T12:26:42Z,DescribeInstances,userH,153.56.134.68,1.6318712152016355
2024-02-10T17:39:36Z,PutObject,userC,172.16.0.50,-0.612793454951921
2024-01-07T09:59:57Z,RunInstances,userF,219.227.119.65,1.6318712152016355
2024-05-27T03:34:00Z,TerminateInstances,userH,172.16.0.50,-0.612793454951921
2024-01-29T07:00:38Z,GetObject,userG,172.16.0.50,-0.612793454951921
2024-06-16T17:10:29Z,CreateBucket,userB,172.16.0.45,-0.612793454951921
2024-04-08T13:14:10Z,GetObject,userH,44.145.153.156,1.6318712152016355
2024-02-25T06:47:54Z,ListBuckets,userD,172.16.0.30,-0.612793454951921
2024-05-09T13:37:54Z,DeleteBucket,userH,172.16.0.65,-0.612793454951921
2024-06-07T13:28:24Z,GetObject,userD,172.16.0.45,-0.612793454951921
2024-07-21T07:29:19Z,PutObject,userF,172.16.0.35,-0.612793454951921
2024-07-10T00:00:25Z,DeleteBucket,userH,10.0.0.60,-0.612793454951921
2024-05-20T09:56:37Z,DescribeInstances,userH,192.168.1.30,-0.612793454951921
2024-07-29T18:23:47Z,ListBuckets,userF,192.168.1.50,-0.612793454951921
2024-06-22T10:48:07Z,DescribeInstances,userF,10.0.0.30,-0.612793454951921
2024-06-11T03:06:58Z,RunInstances,userA,172.16.0.45,-0.612793454951921
2024-04-16T21:57:25Z,DeleteBucket,userB,10.0.0.30,-0.612793454951921
2024-04-01T19:33:16Z,CreateBucket,userF,192.168.1.10,-0.612793454951921
2024-07-14T07:26:53Z,CreateBucket,userE,162.122.221.127,1.6318712152016355
2024-03-17T04:05:04Z,ListBuckets,userC,10.0.0.40,-0.612793454951921
2024-03-27T15:25:41Z,DescribeInstances,userG,10.0.0.70,-0.612793454951921
2024-04-26T05:39:51Z,DeleteBucket,userA,172.16.0.40,-0.612793454951921
2024-03-17T08:08:20Z,DeleteBucket,userA,128.215.27.252,1.6318712152016355
2024-06-14T14:17:51Z,GetObject,userE,192.168.1.30,-0.612793454951921
2024-07-22T05:14:09Z,CreateBucket,userC,192.168.1.20,-0.612793454951921
2024-01-12T04:54:16Z,PutObject,userE,172.16.0.25,-0.612793454951921
2024-02-04T13:59:00Z,TerminateInstances,userC,172.16.0.35,-0.612793454951921
2024-03-11T21:00:20Z,ListBuckets,userE,10.0.0.70,-0.612793454951921
2024-03-14T19:47:05Z,TerminateInstances,userF,172.16.0.55,-0.612793454951921
2024-03-09T23:10:45Z,DescribeInstances,userF,172.16.0.65,-0.612793454951921
2024-02-13T14:01:55Z,GetObject,userH,184.14.30.99,1.6318712152016355
2024-03-13T13:43:21Z,ListBuckets,userG,172.16.0.50,-0.612793454951921
2024-01-14T08:44:58Z,RunInstances,userG,192.168.1.40,-0.612793454951921
2024-05-27T19:23:20Z,ListBuckets,userF,192.168.1.30,-0.612793454951921
2024-05-30T14:38:21Z,TerminateInstances,userF,10.0.0.70,-0.612793454951921
2024-05-16T17:59:53Z,RunInstances,userG,10.0.0.40,-0.612793454951921
2024-07-15T09:52:19Z,GetObject,userA,172.16.0.50,-0.612793454951921
2024-06-06T03:02:57Z,ListBuckets,userB,172.16.0.60,-0.612793454951921
2024-07-28T07:16:31Z,PutObject,userD,172.16.0.25,-0.612793454951921
2024-07-27T04:32:04Z,ListBuckets,userG,172.16.0.45,-0.612793454951921
2024-06-08T09:46:36Z,PutObject,userH,172.16.0.60,-0.612793454951921
2024-06-26T14:02:15Z,CreateBucket,userA,58.246.66.115,1.6318712152016355
2024-06-30T16:13:12Z,RunInstances,userC,10.0.0.30,-0.612793454951921
2024-01-27T18:51:56Z,RunInstances,userG,192.168.1.50,-0.612793454951921
2024-03-22T11:57:40Z,DeleteBucket,userD,172.16.0.35,-0.612793454951921
2024-05-06T11:12:14Z,DescribeInstances,userG,40.130.66.63,1.6318712152016355
2024-02-17T08:19:30Z,CreateBucket,userF,192.168.1.50,-0.612793454951921
2024-01-07T06:10:38Z,DeleteBucket,userC,172.16.0.40,-0.612793454951921
2024-03-13T07:53:07Z,CreateBucket,userF,192.168.1.60,-0.612793454951921
2024-02-25T08:42:23Z,ListBuckets,userA,130.82.212.5,1.6318712152016355
2024-03-09T12:25:11Z,ListBuckets,userC,56.77.187.113,1.6318712152016355
2024-06-23T13:17:34Z,RunInstances,userA,172.16.0.65,-0.612793454951921
2024-02-09T07:52:14Z,RunInstances,userA,172.16.0.25,-0.612793454951921
2024-03-12T21:28:21Z,TerminateInstances,userF,10.0.0.70,-0.612793454951921
2024-07-03T00:00:19Z,GetObject,userC,10.0.0.30,-0.612793454951921
2024-02-10T17:20:57Z,CreateBucket,userF,132.145.62.5,1.6318712152016355
2024-02-06T12:50:48Z,RunInstances,userA,119.16.96.103,1.6318712152016355
2024-04-13T08:58:38Z,DeleteBucket,userE,96.39.129.119,1.6318712152016355
2024-02-20T20:09:40Z,DeleteBucket,userF,172.16.0.65,-0.612793454951921
2024-01-17T06:55:04Z,TerminateInstances,userD,172.16.0.25,-0.612793454951921
2024-05-01T23:14:59Z,DeleteBucket,userE,192.168.1.90,-0.612793454951921
2024-06-09T15:07:20Z,ListBuckets,userG,181.116.123.243,1.6318712152016355
2024-01-12T00:25:57Z,DeleteBucket,userE,135.161.189.155,1.6318712152016355
2024-06-29T18:27:13Z,TerminateInstances,userE,10.0.0.70,-0.612793454951921
2024-04-06T11:52:12Z,ListBuckets,userG,160.183.224.17,1.6318712152016355
2024-02-03T17:23:29Z,DeleteBucket,userB,204.155.108.240,1.6318712152016355
2024-06-26T08:33:40Z,RunInstances,userG,10.0.0.30,-0.612793454951921
2024-04-29T10:41:22Z,CreateBucket,userB,10.0.0.40,-0.612793454951921
2024-05-18T22:44:32Z,TerminateInstances,userD,172.16.0.25,-0.612793454951921
2024-05-12T07:29:44Z,DescribeInstances,userA,192.168.1.30,-0.612793454951921
2024-03-08T04:53:28Z,ListBuckets,userF,10.0.0.60,-0.612793454951921
2024-04-03T19:52:10Z,DescribeInstances,userA,172.16.0.25,-0.612793454951921
2024-01-29T11:59:46Z,PutObject,userH,172.16.0.40,-0.612793454951921
2024-01-07T18:53:55Z,GetObject,userA,172.16.0.40,-0.612793454951921
2024-06-16T22:17:29Z,ListBuckets,userE,5.221.196.38,1.6318712152016355
2024-03-01T19:54:24Z,CreateBucket,userG,29.250.91.48,1.6318712152016355
2024-04-27T00:18:56Z,DescribeInstances,userF,185.189.167.4,1.6318712152016355
2024-07-14T11:26:24Z,CreateBucket,userE,172.16.0.45,-0.612793454951921
2024-06-17T17:57:05Z,GetObject,userC,10.0.0.30,-0.612793454951921
2024-04-16T19:17:15Z,CreateBucket,userA,192.168.1.100,-0.612793454951921
2024-06-25T21:34:13Z,ListBuckets,userF,192.168.1.10,-0.612793454951921
2024-06-03T12:53:15Z,GetObject,userG,198.34.32.1,1.6318712152016355
2024-02-25T20:35:59Z,DescribeInstances,userD,192.168.1.60,-0.612793454951921
2024-07-28T18:07:23Z,TerminateInstances,userD,10.0.0.40,-0.612793454951921
2024-02-06T15:18:12Z,TerminateInstances,userF,185.84.213.168,1.6318712152016355
2024-03-29T06:59:26Z,PutObject,userA,162.13.40.3,1.6318712152016355
2024-04-21T15:33:43Z,DescribeInstances,userD,192.168.1.80,-0.612793454951921
2024-06-02T21:47:03Z,TerminateInstances,userG,10.0.0.50,-0.612793454951921
2024-01-02T14:32:49Z,PutObject,userD,192.168.1.20,-0.612793454951921
2024-07-08T09:20:47Z,DescribeInstances,userE,192.168.1.10,-0.612793454951921
2024-07-06T20:13:18Z,CreateBucket,userC,192.168.1.60,-0.612793454951921
2024-01-15T05:38:39Z,PutObject,userA,29.165.57.212,1.6318712152016355
2024-06-05T08:53:11Z,GetObject,userH,172.16.0.60,-0.612793454951921
2024-05-30T11:47:26Z,CreateBucket,userD,159.115.59.114,1.6318712152016355
2024-01-03T07:11:23Z,ListBuckets,userC,10.0.0.60,-0.612793454951921
2024-04-05T09:59:27Z,TerminateInstances,userG,10.0.0.40,-0.612793454951921
2024-06-28T11:51:29Z,TerminateInstances,userA,10.0.0.60,-0.612793454951921
2024-07-08T16:57:08Z,PutObject,userG,192.168.1.20,-0.612793454951921
2024-04-07T08:17:41Z,GetObject,userB,149.92.149.96,1.6318712152016355
2024-07-03T05:26:10Z,RunInstances,userC,192.168.1.20,-0.612793454951921
2024-03-21T12:24:37Z,PutObject,userC,192.168.1.60,-0.612793454951921
2024-01-07T15:38:22Z,PutObject,userD,192.168.1.70,-0.612793454951921
2024-01-21T09:01:00Z,ListBuckets,userC,125.73.3.62,1.6318712152016355
2024-01-26T02:09:44Z,DescribeInstances,userD,40.216.253.60,1.6318712152016355
2024-02-02T13:30:48Z,RunInstances,userH,172.16.0.60,-0.612793454951921
2024-02-24T16:03:32Z,CreateBucket,userH,104.8.244.40,1.6318712152016355
2024-05-08T01:38:16Z,TerminateInstances,userF,172.16.0.20,-0.612793454951921
2024-06-11T23:24:15Z,PutObject,userF,192.168.1.10,-0.612793454951921
2024-05-27T10:49:55Z,TerminateInstances,userE,7.252.254.54,1.6318712152016355
2024-05-28T11:39:22Z,PutObject,userH,10.0.0.60,-0.612793454951921
2024-04-29T23:24:02Z,TerminateInstances,userG,172.16.0.65,-0.612793454951921
2024-05-27T12:41:17Z,DeleteBucket,userF,172.16.0.30,-0.612793454951921
2024-03-24T07:50:23Z,CreateBucket,userF,197.137.65.170,1.6318712152016355
2024-01-30T13:16:09Z,RunInstances,userH,10.0.0.70,-0.612793454951921
2024-06-24T15:18:43Z,GetObject,userC,192.168.1.100,-0.612793454951921
2024-01-10T08:48:55Z,DescribeInstances,userG,192.168.1.70,-0.612793454951921
2024-01-12T14:25:41Z,RunInstances,userD,192.168.1.20,-0.612793454951921
2024-03-29T10:28:37Z,RunInstances,userC,172.16.0.30,-0.612793454951921
2024-03-04T13:22:04Z,CreateBucket,userE,192.168.1.100,-0.612793454951921
2024-07-10T10:05:25Z,CreateBucket,userG,10.0.0.40,-0.612793454951921
2024-06-27T01:12:10Z,ListBuckets,userF,10.0.0.50,-0.612793454951921
2024-05-26T09:33:23Z,CreateBucket,userF,17.63.22.80,1.6318712152016355
2024-06-23T08:58:19Z,DeleteBucket,userC,99.61.250.188,1.6318712152016355
2024-06-16T00:48:51Z,RunInstances,userC,208.203.38.64,1.6318712152016355
2024-01-10T04:14:02Z,ListBuckets,userC,130.242.26.203,1.6318712152016355
2024-07-27T00:05:21Z,CreateBucket,userE,118.92.50.70,1.6318712152016355
2024-03-05T16:31:19Z,RunInstances,userF,192.168.1.40,-0.612793454951921
2024-05-01T22:55:26Z,PutObject,userE,192.168.1.40,-0.612793454951921
2024-04-06T08:42:32Z,CreateBucket,userD,48.142.169.243,1.6318712152016355
2024-06-06T11:00:59Z,RunInstances,userH,192.168.1.50,-0.612793454951921
2024-01-10T21:46:37Z,PutObject,userG,192.168.1.20,-0.612793454951921
2024-07-19T03:57:57Z,ListBuckets,userG,6.248.4.122,1.6318712152016355
2024-01-10T22:30:05Z,DescribeInstances,userC,172.16.0.60,-0.612793454951921
2024-06-16T10:45:04Z,DeleteBucket,userG,192.168.1.80,-0.612793454951921
2024-04-30T06:22:07Z,CreateBucket,userC,45.226.234.155,1.6318712152016355
2024-03-30T19:49:27Z,CreateBucket,userB,56.24.150.53,1.6318712152016355
2024-05-11T23:46:18Z,TerminateInstances,userH,192.168.1.50,-0.612793454951921
2024-01-06T21:53:44Z,DeleteBucket,userD,172.16.0.45,-0.612793454951921
2024-04-02T18:39:31Z,RunInstances,userB,192.168.1.10,-0.612793454951921
2024-02-29T05:00:03Z,DescribeInstances,userG,172.16.0.65,-0.612793454951921
2024-02-02T09:41:32Z,RunInstances,userD,221.194.25.105,1.6318712152016355
2024-05-29T23:28:56Z,TerminateInstances,userD,97.11.75.239,1.6318712152016355
2024-05-01T05:28:38Z,DescribeInstances,userC,172.16.0.25,-0.612793454951921
2024-01-10T09:33:48Z,DescribeInstances,userE,172.16.0.65,-0.612793454951921
2024-07-23T04:05:14Z,ListBuckets,userG,215.200.34.169,1.6318712152016355
2024-05-19T07:18:02Z,GetObject,userH,192.168.1.70,-0.612793454951921
2024-03-13T09:03:07Z,DescribeInstances,userE,172.16.0.55,-0.612793454951921
2024-05-13T14:11:15Z,RunInstances,userF,115.118.187.43,1.6318712152016355
2024-03-29T05:48:03Z,DescribeInstances,userC,10.0.0.70,-0.612793454951921
2024-02-22T10:45:43Z,ListBuckets,userC,145.216.37.181,1.6318712152016355
2024-03-02T18:28:57Z,ListBuckets,userD,52.0.130.147,1.6318712152016355
2024-03-17T21:38:44Z,TerminateInstances,userE,10.0.0.40,-0.612793454951921
2024-03-04T19:26:08Z,DeleteBucket,userB,10.0.0.50,-0.612793454951921
2024-03-24T01:23:30Z,DescribeInstances,userE,192.168.1.100,-0.612793454951921
2024-01-15T05:13:20Z,CreateBucket,userH,172.16.0.25,-0.612793454951921
2024-02-24T04:56:25Z,GetObject,userB,192.168.1.80,-0.612793454951921
2024-01-10T14:54:42Z,DeleteBucket,userF,192.168.1.30,-0.612793454951921
2024-05-13T18:58:17Z,TerminateInstances,userF,55.129.168.32,1.6318712152016355
2024-04-25T19:03:12Z,TerminateInstances,userH,192.168.1.20,-0.612793454951921
2024-05-12T01:17:18Z,DescribeInstances,userC,93.68.38.4,1.6318712152016355
2024-04-03T01:04:53Z,CreateBucket,userE,172.16.0.40,-0.612793454951921
2024-01-01T01:14:35Z,CreateBucket,userA,172.16.0.60,-0.612793454951921
2024-02-29T10:15:48Z,DeleteBucket,userD,192.168.1.70,-0.612793454951921
2024-07-03T11:47:35Z,ListBuckets,userF,3.205.197.206,1.6318712152016355
2024-07-26T01:08:48Z,ListBuckets,userA,192.168.1.60,-0.612793454951921
2024-04-01T14:44:05Z,DeleteBucket,userG,172.16.0.25,-0.612793454951921
2024-02-14T16:59:19Z,GetObject,userC,179.190.64.41,1.6318712152016355
2024-05-08T07:41:38Z,TerminateInstances,userE,172.16.0.30,-0.612793454951921
2024-01-22T14:08:02Z,PutObject,userG,132.193.50.106,1.6318712152016355
2024-01-09T17:44:09Z,TerminateInstances,userF,219.199.137.110,1.6318712152016355
2024-05-31T11:04:09Z,DescribeInstances,userF,172.16.0.30,-0.612793454951921
2024-05-21T20:20:49Z,TerminateInstances,userB,192.168.1.30,-0.612793454951921
2024-06-11T09:15:20Z,RunInstances,userG,192.168.1.10,-0.612793454951921
2024-06-13T07:39:19Z,ListBuckets,userE,56.20.251.212,1.6318712152016355
2024-01-15T14:07:40Z,TerminateInstances,userG,192.168.1.50,-0.612793454951921
2024-01-10T06:05:19Z,DeleteBucket,userH,10.0.0.40,-0.612793454951921
2024-06-02T05:14:05Z,ListBuckets,userH,172.16.0.30,-0.612793454951921
2024-05-21T05:43:18Z,ListBuckets,userB,10.0.0.70,-0.612793454951921
2024-06-13T15:50:12Z,CreateBucket,userH,10.0.0.40,-0.612793454951921
2024-05-06T01:59:48Z,DescribeInstances,userB,219.0.110.168,1.6318712152016355
2024-04-22T13:15:00Z,DescribeInstances,userE,10.0.0.30,-0.612793454951921
2024-02-09T16:58:24Z,PutObject,userB,10.0.0.50,-0.612793454951921
2024-03-16T11:23:44Z,GetObject,userH,10.0.0.30,-0.612793454951921
2024-06-16T23:49:35Z,PutObject,userF,45.117.249.111,1.6318712152016355
2024-07-22T16:30:30Z,DeleteBucket,userC,51.187.77.85,1.6318712152016355
2024-03-28T21:21:08Z,GetObject,userC,192.168.1.10,-0.612793454951921
2024-01-27T02:02:44Z,TerminateInstances,userF,45.173.62.68,1.6318712152016355
2024-01-20T01:11:49Z,PutObject,userH,172.16.0.20,-0.612793454951921
2024-07-28T21:29:24Z,DescribeInstances,userG,172.16.0.40,-0.612793454951921
2024-01-23T05:45:19Z,GetObject,userH,192.168.1.30,-0.612793454951921
2024-07-17T14:31:05Z,ListBuckets,userF,192.168.1.70,-0.612793454951921
2024-03-05T04:36:35Z,DeleteBucket,userE,192.168.1.30,-0.612793454951921
2024-02-01T16:06:50Z,CreateBucket,userA,10.0.0.60,-0.612793454951921
2024-02-09T13:51:52Z,TerminateInstances,userB,172.16.0.40,-0.612793454951921
2024-03-13T03:51:58Z,DeleteBucket,userE,172.16.0.20,-0.612793454951921
2024-04-12T12:50:02Z,ListBuckets,userB,192.168.1.80,-0.612793454951921
2024-01-07T04:50:52Z,ListBuckets,userC,51.57.230.196,1.6318712152016355
2024-06-09T10:25:55Z,DeleteBucket,userB,172.16.0.65,-0.612793454951921
2024-03-13T08:36:52Z,CreateBucket,userA,172.16.0.45,-0.612793454951921
2024-07-05T20:13:21Z,DeleteBucket,userD,192.168.1.100,-0.612793454951921
2024-07-21T01:07:39Z,CreateBucket,userE,192.168.1.30,-0.612793454951921
2024-05-21T19:41:46Z,DescribeInstances,userA,172.16.0.40,-0.612793454951921
2024-04-09T04:32:43Z,ListBuckets,userB,10.0.0.70,-0.612793454951921
2024-01-07T22:35:01Z,CreateBucket,userH,172.16.0.55,-0.612793454951921
2024-02-13T21:07:19Z,TerminateInstances,userC,10.0.0.30,-0.612793454951921
2024-04-10T11:58:33Z,ListBuckets,userE,172.16.0.35,-0.612793454951921
2024-01-22T11:36:04Z,GetObject,userG,192.168.1.90,-0.612793454951921
2024-06-28T01:13:17Z,GetObject,userG,192.168.1.80,-0.612793454951921
2024-07-23T06:41:25Z,TerminateInstances,userH,98.191.208.20,1.6318712152016355
2024-03-24T03:03:35Z,CreateBucket,userA,172.16.0.25,-0.612793454951921
2024-04-12T11:35:14Z,DescribeInstances,userB,192.168.1.40,-0.612793454951921
2024-06-06T13:36:41Z,PutObject,userF,10.0.0.40,-0.612793454951921
2024-05-03T13:20:57Z,RunInstances,userH,192.168.1.80,-0.612793454951921
2024-01-03T00:03:07Z,DeleteBucket,userH,10.0.0.50,-0.612793454951921
2024-05-30T12:22:01Z,TerminateInstances,userH,192.168.1.90,-0.612793454951921
2024-04-14T01:33:10Z,GetObject,userA,10.0.0.40,-0.612793454951921
2024-05-14T09:02:53Z,CreateBucket,userF,192.168.1.80,-0.612793454951921
2024-05-12T22:20:16Z,DeleteBucket,userB,172.16.0.40,-0.612793454951921
2024-05-04T06:00:56Z,TerminateInstances,userH,15.229.199.150,1.6318712152016355
2024-06-07T16:05:51Z,ListBuckets,userC,172.16.0.35,-0.612793454951921
2024-03-31T12:29:39Z,DeleteBucket,userA,8.132.179.29,1.6318712152016355
2024-04-25T22:10:17Z,DeleteBucket,userB,172.93.249.144,1.6318712152016355
2024-05-19T12:29:41Z,PutObject,userD,192.168.1.20,-0.612793454951921
2024-03-08T14:14:32Z,DescribeInstances,userE,192.168.1.50,-0.612793454951921
2024-07-20T13:17:12Z,DeleteBucket,userB,65.118.30.235,1.6318712152016355
2024-06-05T04:18:09Z,DeleteBucket,userC,172.16.0.45,-0.612793454951921
2024-03-15T14:48:39Z,DescribeInstances,userE,172.16.0.50,-0.612793454951921
2024-04-13T01:24:53Z,RunInstances,userA,18.221.222.50,1.6318712152016355
2024-02-02T06:17:12Z,GetObject,userB,215.253.231.174,1.6318712152016355
2024-03-24T20:27:27Z,GetObject,userH,192.168.1.100,-0.612793454951921
2024-06-27T11:13:33Z,ListBuckets,userD,172.16.0.45,-0.612793454951921
2024-04-16T04:54:30Z,DeleteBucket,userD,10.0.0.50,-0.612793454951921
2024-02-01T15:17:19Z,DescribeInstances,userC,172.16.0.65,-0.612793454951921
2024-06-04T20:18:42Z,ListBuckets,userE,172.16.0.45,-0.612793454951921
2024-02-03T01:31:16Z,PutObject,userD,10.0.0.50,-0.612793454951921
2024-07-23T22:32:20Z,CreateBucket,userF,135.32.42.176,1.6318712152016355
2024-06-27T10:26:03Z,ListBuckets,userD,108.155.43.233,1.6318712152016355
2024-05-13T06:36:33Z,GetObject,userB,172.16.0.35,-0.612793454951921
2024-04-05T22:55:03Z,GetObject,userH,172.16.0.55,-0.612793454951921
2024-06-11T05:08:52Z,GetObject,userE,10.0.0.30,-0.612793454951921
2024-05-24T12:07:26Z,ListBuckets,userD,11.122.219.75,1.6318712152016355
2024-03-05T12:34:51Z,DeleteBucket,userD,192.168.1.70,-0.612793454951921
2024-02-26T07:48:45Z,CreateBucket,userC,172.16.0.55,-0.612793454951921
2024-02-14T14:48:53Z,DeleteBucket,userA,193.58.70.68,1.6318712152016355
2024-01-30T11:25:40Z,ListBuckets,userE,192.168.1.30,-0.612793454951921
2024-02-03T02:27:52Z,ListBuckets,userF,10.0.0.60,-0.612793454951921
2024-01-26T20:17:29Z,DeleteBucket,userE,192.168.1.20,-0.612793454951921
2024-03-07T16:01:52Z,RunInstances,userC,192.168.1.100,-0.612793454951921
2024-03-12T16:20:20Z,DeleteBucket,userG,172.16.0.65,-0.612793454951921
2024-04-15T18:34:31Z,DescribeInstances,userE,31.31.31.250,1.6318712152016355
2024-03-17T22:06:52Z,RunInstances,userB,219.104.203.34,1.6318712152016355
2024-03-25T23:21:17Z,TerminateInstances,userG,192.168.1.40,-0.612793454951921
2024-01-02T23:23:54Z,DescribeInstances,userA,121.113.103.57,1.6318712152016355
2024-04-03T13:27:32Z,TerminateInstances,userA,94.7.165.193,1.6318712152016355
2024-06-29T05:20:16Z,GetObject,userG,192.168.1.60,-0.612793454951921
2024-04-13T02:30:10Z,DeleteBucket,userC,192.168.1.50,-0.612793454951921
2024-04-30T20:21:55Z,TerminateInstances,userH,172.16.0.60,-0.612793454951921
2024-03-09T22:14:09Z,ListBuckets,userF,172.16.0.55,-0.612793454951921
2024-07-13T17:16:59Z,PutObject,userA,192.168.1.80,-0.612793454951921
2024-07-06T22:16:30Z,CreateBucket,userE,107.113.225.50,1.6318712152016355
2024-03-08T21:15:27Z,RunInstances,userD,172.16.0.50,-0.612793454951921
2024-05-02T23:15:34Z,PutObject,userD,6.143.34.143,1.6318712152016355
2024-06-25T06:22:20Z,DescribeInstances,userH,172.16.0.60,-0.612793454951921
2024-03-22T15:27:32Z,DeleteBucket,userC,192.168.1.20,-0.612793454951921
2024-07-17T06:07:19Z,TerminateInstances,userH,192.168.1.50,-0.612793454951921
2024-03-29T11:19:47Z,PutObject,userF,49.141.228.148,1.6318712152016355
2024-07-01T10:04:32Z,DeleteBucket,userB,172.16.0.45,-0.612793454951921
2024-04-05T20:19:35Z,CreateBucket,userE,10.0.0.70,-0.612793454951921
2024-04-06T23:30:00Z,GetObject,userD,192.168.1.70,-0.612793454951921
2024-01-15T03:49:17Z,DeleteBucket,userD,192.168.1.20,-0.612793454951921
2024-06-18T21:56:12Z,DeleteBucket,userA,2.134.245.42,1.6318712152016355
2024-01-25T04:22:10Z,DescribeInstances,userF,10.0.0.30,-0.612793454951921
2024-07-10T10:17:22Z,DescribeInstances,userF,172.16.0.65,-0.612793454951921
2024-03-03T01:46:14Z,TerminateInstances,userB,109.220.112.130,1.6318712152016355
2024-02-12T10:03:25Z,GetObject,userB,195.97.110.71,1.6318712152016355
2024-01-07T17:51:52Z,DeleteBucket,userD,172.16.0.60,-0.612793454951921
2024-05-26T15:54:41Z,DeleteBucket,userB,192.168.1.50,-0.612793454951921
2024-07-11T15:39:07Z,TerminateInstances,userF,172.16.0.65,-0.612793454951921
2024-02-10T11:07:25Z,PutObject,userD,192.168.1.80,-0.612793454951921
2024-07-21T07:40:58Z,DescribeInstances,userF,192.168.1.70,-0.612793454951921
2024-04-19T03:45:12Z,DeleteBucket,userG,192.168.1.80,-0.612793454951921
2024-06-27T08:31:39Z,DescribeInstances,userA,208.197.32.138,1.6318712152016355
2024-03-19T20:55:08Z,PutObject,userD,192.168.1.50,-0.612793454951921
2024-06-05T11:59:57Z,DescribeInstances,userA,157.92.99.64,1.6318712152016355
2024-03-01T06:02:10Z,TerminateInstances,userH,164.94.239.237,1.6318712152016355
2024-02-03T20:49:53Z,CreateBucket,userB,172.16.0.50,-0.612793454951921
2024-01-15T11:22:19Z,CreateBucket,userA,172.16.0.35,-0.612793454951921
2024-01-08T22:28:05Z,DescribeInstances,userF,172.16.0.30,-0.612793454951921
2024-05-29T16:24:38Z,DescribeInstances,userE,57.248.216.78,1.6318712152016355
2024-01-11T08:29:45Z,ListBuckets,userG,172.16.0.45,-0.612793454951921
2024-04-03T20:50:41Z,DescribeInstances,userA,26.70.44.62,1.6318712152016355
2024-07-20T08:13:44Z,DeleteBucket,userC,192.168.1.50,-0.612793454951921
2024-01-10T03:49:31Z,DescribeInstances,userD,178.128.139.162,1.6318712152016355
2024-05-07T01:12:22Z,DescribeInstances,userE,11.4.12.109,1.6318712152016355
2024-07-11T02:04:04Z,TerminateInstances,userD,192.168.1.70,-0.612793454951921
2024-03-27T15:02:05Z,TerminateInstances,userG,192.168.1.60,-0.612793454951921
2024-02-12T20:06:23Z,DeleteBucket,userA,52.1.23.177,1.6318712152016355
2024-07-21T14:42:46Z,GetObject,userE,37.13.73.114,1.6318712152016355
2024-01-24T18:15:53Z,DescribeInstances,userD,172.16.0.25,-0.612793454951921
2024-07-04T17:36:27Z,GetObject,userB,172.16.0.40,-0.612793454951921
2024-05-19T19:37:57Z,DescribeInstances,userD,192.168.1.10,-0.612793454951921
2024-05-05T15:24:29Z,RunInstances,userG,32.44.246.6,1.6318712152016355
2024-07-10T09:12:43Z,ListBuckets,userA,192.168.1.100,-0.612793454951921
2024-02-27T12:35:38Z,RunInstances,userB,10.0.0.70,-0.612793454951921
2024-06-01T07:01:31Z,CreateBucket,userG,192.168.1.60,-0.612793454951921
2024-07-11T20:14:08Z,PutObject,userB,192.168.1.10,-0.612793454951921
2024-06-24T09:12:22Z,DeleteBucket,userD,123.26.146.8,1.6318712152016355
2024-03-02T09:18:20Z,RunInstances,userF,10.0.0.60,-0.612793454951921
2024-03-25T02:28:51Z,RunInstances,userB,192.168.1.30,-0.612793454951921
2024-03-23T02:18:14Z,RunInstances,userE,63.124.169.72,1.6318712152016355
2024-07-21T20:16:45Z,PutObject,userG,192.168.1.10,-0.612793454951921
2024-03-17T02:34:04Z,TerminateInstances,userE,192.168.1.70,-0.612793454951921
2024-01-04T12:32:32Z,CreateBucket,userG,192.168.1.20,-0.612793454951921
2024-01-04T00:38:43Z,DeleteBucket,userF,160.61.16.42,1.6318712152016355
2024-02-09T13:37:26Z,GetObject,userB,151.42.12.120,1.6318712152016355
2024-03-31T20:34:42Z,DeleteBucket,userB,172.16.0.55,-0.612793454951921
2024-07-26T08:45:10Z,DescribeInstances,userB,10.0.0.60,-0.612793454951921
2024-02-25T23:36:04Z,TerminateInstances,userA,172.16.0.65,-0.612793454951921
2024-04-07T11:54:03Z,CreateBucket,userB,183.115.28.211,1.6318712152016355
2024-06-23T15:56:00Z,DescribeInstances,userB,192.168.1.10,-0.612793454951921
2024-04-01T12:29:55Z,TerminateInstances,userC,192.168.1.100,-0.612793454951921
2024-02-07T09:51:00Z,DeleteBucket,userA,57.23.210.41,1.6318712152016355
2024-07-21T17:38:48Z,DeleteBucket,userD,10.0.0.70,-0.612793454951921
2024-07-11T04:51:36Z,RunInstances,userH,118.7.56.14,1.6318712152016355
2024-01-05T01:08:31Z,RunInstances,userC,80.32.133.138,1.6318712152016355
2024-05-14T12:19:31Z,CreateBucket,userC,2.89.50.165,1.6318712152016355
2024-03-22T02:46:54Z,DeleteBucket,userC,192.168.1.40,-0.612793454951921
2024-05-15T09:55:58Z,PutObject,userB,172.16.0.45,-0.612793454951921
2024-06-06T00:46:32Z,TerminateInstances,userD,172.16.0.60,-0.612793454951921
2024-04-24T12:22:04Z,GetObject,userF,172.16.0.35,-0.612793454951921
2024-04-10T00:50:39Z,ListBuckets,userB,128.42.204.41,1.6318712152016355
2024-04-25T15:30:11Z,PutObject,userB,192.168.1.60,-0.612793454951921
2024-05-26T08:45:51Z,ListBuckets,userB,103.132.20.47,1.6318712152016355
2024-07-02T11:27:10Z,PutObject,userF,201.20.198.159,1.6318712152016355
2024-03-06T21:44:07Z,DeleteBucket,userD,132.33.45.195,1.6318712152016355
2024-07-19T16:50:27Z,PutObject,userC,172.16.0.35,-0.612793454951921
2024-05-17T10:22:48Z,ListBuckets,userD,172.16.0.60,-0.612793454951921
2024-05-30T19:35:10Z,DescribeInstances,userB,172.16.0.60,-0.612793454951921
2024-06-30T00:26:25Z,DescribeInstances,userH,192.168.1.30,-0.612793454951921
2024-06-27T11:52:54Z,PutObject,userG,192.168.1.50,-0.612793454951921
2024-06-09T18:48:55Z,DeleteBucket,userH,19.55.47.46,1.6318712152016355
2024-02-05T01:43:53Z,RunInstances,userF,10.0.0.60,-0.612793454951921
2024-06-28T01:28:22Z,TerminateInstances,userF,192.168.1.50,-0.612793454951921
2024-02-28T23:38:03Z,GetObject,userG,172.16.0.55,-0.612793454951921
2024-06-04T13:05:13Z,DescribeInstances,userC,192.168.1.50,-0.612793454951921
2024-05-23T14:59:11Z,DeleteBucket,userD,192.168.1.40,-0.612793454951921
2024-03-26T00:01:27Z,GetObject,userA,192.168.1.20,-0.612793454951921
2024-04-30T21:50:43Z,DeleteBucket,userG,212.142.50.213,1.6318712152016355
2024-06-08T17:29:33Z,GetObject,userC,101.78.205.72,1.6318712152016355
2024-04-07T09:41:26Z,GetObject,userD,192.168.1.50,-0.612793454951921
2024-03-05T01:09:17Z,GetObject,userB,192.168.1.60,-0.612793454951921
2024-07-22T20:01:46Z,TerminateInstances,userE,192.168.1.40,-0.612793454951921
2024-02-07T11:55:14Z,DescribeInstances,userB,192.168.1.40,-0.612793454951921
2024-02-01T19:59:41Z,TerminateInstances,userF,192.168.1.30,-0.612793454951921
2024-05-31T22:49:11Z,ListBuckets,userA,169.106.142.167,1.6318712152016355
2024-03-08T05:14:58Z,RunInstances,userA,192.168.1.60,-0.612793454951921
